proba_False	proba_True
0.790106307664841	0.209893692335159
0.7218517616197209	0.2781482383802792
0.4162680191625995	0.5837319808374005
0.05020670353382295	0.949793296466177
0.8537744709713764	0.14622552902862357
0.2154495187129628	0.7845504812870372
0.49982395365995147	0.5001760463400485
0.8674416705996649	0.13255832940033505
0.8258502621624461	0.17414973783755394
0.3814542032498307	0.6185457967501693
0.7913424353252391	0.2086575646747609
0.6306091605709929	0.3693908394290071
0.008442561291933659	0.9915574387080663
0.1862145869845513	0.8137854130154487
0.7879982514117477	0.21200174858825227
0.24033323656318872	0.7596667634368113
0.8055619755525836	0.1944380244474164
0.2344654780457801	0.7655345219542199
0.9493387861496967	0.05066121385030327
0.800812590705622	0.199187409294378
0.3116733449521072	0.6883266550478928
0.45543905223192616	0.5445609477680738
0.9505865532268679	0.04941344677313204
0.8925654366885302	0.10743456331146985
0.9220686474484938	0.07793135255150618
0.9568973049079394	0.043102695092060564
0.9903669313345941	0.009633068665405968
0.6651123892177019	0.3348876107822981
0.8578353896528249	0.14216461034717512
0.9002964551710834	0.09970354482891668
0.7985076429437232	0.20149235705627677
0.36909929966303645	0.6309007003369635
0.7268974056093664	0.2731025943906335
0.26335959404708065	0.7366404059529194
0.5092028919237341	0.4907971080762659
0.9133827149256193	0.0866172850743807
0.8593708840108448	0.1406291159891552
0.9652860666801617	0.03471393331983834
0.8869686745626741	0.11303132543732582
0.45284387792244063	0.5471561220775594
0.6086820167977729	0.3913179832022271
0.8247294052824724	0.17527059471752757
0.5469640551573178	0.4530359448426821
0.8459434803634192	0.1540565196365809
0.6631451632786161	0.33685483672138394
0.6542855781807968	0.34571442181920314
0.6842883219269806	0.3157116780730194
0.9822945894097804	0.017705410590219538
0.800774405430814	0.19922559456918595
0.5453585369636524	0.4546414630363476
0.9868473101712254	0.013152689828774645
0.6469733517459861	0.3530266482540139
0.2666793969179223	0.7333206030820777
0.60730178833161	0.39269821166839003
0.529876011608911	0.47012398839108904
0.9206064478274049	0.07939355217259511
0.9318823448637515	0.06811765513624843
0.8298298010554903	0.1701701989445097
0.6296126425502655	0.3703873574497345
0.9445669528112206	0.05543304718877945
0.20248998418632513	0.7975100158136749
0.3244018211614704	0.6755981788385296
0.6917546222072499	0.30824537779275
0.9009296224748484	0.09907037752515153
0.694697527516394	0.30530247248360604
0.7169049747938376	0.2830950252061624
0.648075751281435	0.351924248718565
0.9374494448683514	0.06255055513164864
0.7343129718846221	0.2656870281153779
0.554246295310741	0.44575370468925896
0.8116764129995592	0.18832358700044086
0.7275523841194445	0.2724476158805556
0.32335934029248636	0.6766406597075136
0.756989720010747	0.24301027998925295
0.7176258445353209	0.28237415546467914
0.9898242454107584	0.01017575458924158
0.889892918244506	0.11010708175549404
0.9418528654945162	0.05814713450548378
0.8588422607949864	0.1411577392050136
0.7773351222957817	0.22266487770421825
0.9254560893902805	0.07454391060971954
0.352008376885919	0.647991623114081
0.7282294566149825	0.27177054338501744
0.6959380884345314	0.3040619115654686
0.6746028958567236	0.32539710414327644
0.5400089954958738	0.45999100450412617
0.8852042999154397	0.11479570008456035
0.45807794755593434	0.5419220524440657
0.2758836019576304	0.7241163980423696
0.7636641806549512	0.2363358193450488
0.3933654783990419	0.6066345216009581
0.6498582181925332	0.35014178180746675
0.7355959175072604	0.26440408249273956
0.33329480214089735	0.6667051978591026
0.3954512445641748	0.6045487554358252
0.5526575316847634	0.4473424683152366
0.7326119395179429	0.2673880604820571
0.8075782495862791	0.1924217504137209
0.1682693123322172	0.8317306876677828
0.6185693173515221	0.38143068264847796
0.4411711237579754	0.5588288762420246
0.7832441670544699	0.21675583294553014
0.04674437457326819	0.9532556254267318
0.810547333083679	0.18945266691632096
0.5624480387834001	0.43755196121659984
0.6367341709988013	0.3632658290011987
0.4800320611200658	0.5199679388799342
0.07574843144668042	0.9242515685533196
0.6285590336873392	0.3714409663126607
0.9287295793988252	0.07127042060117486
0.9618335520846066	0.03816644791539342
0.7724004217028242	0.22759957829717584
0.9238472357122143	0.07615276428778571
0.5824087487304228	0.41759125126957725
0.4076775902909805	0.5923224097090195
0.773740554991875	0.22625944500812495
0.1678940701433781	0.8321059298566219
0.8772895137242853	0.12271048627571472
0.9018013002362886	0.09819869976371148
0.9665357239076139	0.03346427609238611
0.8757003439329354	0.12429965606706463
0.9290084515270857	0.0709915484729143
0.5856770856326489	0.41432291436735114
0.43525432986965973	0.5647456701303403
0.0676373128863027	0.9323626871136973
0.9466980556390042	0.05330194436099577
0.2737158994822142	0.7262841005177858
0.19926670154920967	0.8007332984507903
0.6162933310425909	0.3837066689574092
0.25964319430097105	0.740356805699029
0.608519563321934	0.39148043667806603
0.8496043664972204	0.15039563350277962
0.6967137203070295	0.30328627969297056
0.633540863936181	0.36645913606381897
0.9332946203163559	0.06670537968364405
0.36812068008185794	0.6318793199181421
0.6256044587413538	0.3743955412586461
0.10271440858453251	0.8972855914154675
0.8191989975850155	0.18080100241498454
0.32367577297562045	0.6763242270243796
0.8997054495290262	0.10029455047097383
0.34378863908085455	0.6562113609191454
0.9589209088576094	0.0410790911423906
0.841862755303701	0.15813724469629892
0.14607154143025214	0.8539284585697479
0.8735628723419198	0.12643712765808024
0.7524902532210513	0.24750974677894863
0.11709671783376419	0.8829032821662358
0.9870923857059886	0.012907614294011403
0.8178265536801792	0.18217344631982083
0.752326082009455	0.247673917990545
0.6471407478672162	0.3528592521327838
0.5698504736042838	0.4301495263957163
0.6648348188265134	0.33516518117348654
0.0278548395517616	0.9721451604482384
0.9705394808674048	0.029460519132595137
0.51111843061915	0.48888156938085003
0.9814146548682444	0.018585345131755585
0.9300511791494152	0.06994882085058486
0.6683109856749297	0.33168901432507025
0.853696866789955	0.14630313321004496
0.41769101639996653	0.5823089836000335
0.15627689190228988	0.8437231080977101
0.21687823043235355	0.7831217695676465
0.9594470705839045	0.04055292941609546
0.3496549237033646	0.6503450762966354
0.4406207543649391	0.5593792456350609
0.5770610505192246	0.42293894948077543
0.49905210080056694	0.500947899199433
0.9161135777283168	0.08388642227168318
0.08265378193338346	0.9173462180666165
0.6329122804795904	0.36708771952040964
0.4961167455937313	0.5038832544062687
0.13344399778382376	0.8665560022161762
0.1849123691332606	0.8150876308667394
0.579139368034673	0.42086063196532697
0.8096487855420564	0.1903512144579436
0.9025710260209336	0.09742897397906639
0.7667661802311627	0.23323381976883722
0.8563033634392703	0.1436966365607297
0.3560746292552519	0.6439253707447481
0.866446067889018	0.13355393211098202
0.9549623765602111	0.04503762343978893
0.7136032897691633	0.28639671023083674
0.7456487824396187	0.2543512175603813
0.9107967997665818	0.08920320023341825
0.7881127330580177	0.21188726694198234
0.9963245963980455	0.0036754036019545403
0.8335361746502408	0.16646382534975923
0.8280141494092249	0.17198585059077512
0.9473813466125598	0.052618653387440206
0.21660349940211088	0.7833965005978891
0.3301994539431635	0.6698005460568365
0.8623485407962657	0.13765145920373434
0.5062076809424378	0.49379231905756216
0.548270493314973	0.451729506685027
0.10146620405707907	0.8985337959429209
0.3456564973045102	0.6543435026954898
0.9380281621583673	0.061971837841632696
0.8358777824478352	0.1641222175521648
0.5440778758592222	0.45592212414077776
0.699903250928237	0.300096749071763
0.12198132103544312	0.8780186789645569
0.9371220994710461	0.06287790052895388
0.9685715978947915	0.031428402105208496
0.9367094765010258	0.06329052349897422
0.32214343761113606	0.6778565623888639
0.2898559572614582	0.7101440427385418
0.4917454192711431	0.5082545807288569
0.3021877422742678	0.6978122577257322
0.5587447410225175	0.4412552589774825
0.09650037199221395	0.903499628007786
0.052272976605944876	0.9477270233940551
0.1730999971754289	0.8269000028245711
0.4615446122097019	0.5384553877902981
0.4117086570566727	0.5882913429433273
0.055596571517439464	0.9444034284825605
0.603202465656277	0.396797534343723
0.6233932714605217	0.3766067285394783
0.582023398455841	0.417976601544159
0.5622117794559293	0.43778822054407074
0.5209043473763154	0.4790956526236846
0.30659116989675894	0.6934088301032411
0.7030059761182939	0.2969940238817062
0.43674816606630995	0.56325183393369
0.554282767784342	0.445717232215658
0.6958128046245546	0.3041871953754454
0.9906811683276836	0.009318831672316414
0.6029492794051715	0.3970507205948285
0.9608758587527908	0.039124141247209254
0.8961244349745521	0.10387556502544792
0.9673776466924618	0.03262235330753814
0.5384789512642232	0.4615210487357769
0.6494909161190447	0.35050908388095525
0.345659269879251	0.654340730120749
0.6806538015206767	0.3193461984793233
0.1417911901790887	0.8582088098209113
0.078564547328977	0.921435452671023
0.8103609861425434	0.18963901385745663
0.09270421395905637	0.9072957860409436
0.619062184438766	0.38093781556123396
0.8397932620187224	0.1602067379812776
0.48785532241563156	0.5121446775843684
0.9574967583202516	0.04250324167974843
0.8115406838140715	0.18845931618592843
0.8031571761146292	0.19684282388537075
0.9805752628772215	0.019424737122778424
0.8614707840378144	0.13852921596218556
0.9562420812586676	0.04375791874133238
0.7266662715295046	0.2733337284704954
0.2556104935550053	0.7443895064449947
0.4846684062982116	0.5153315937017884
0.8542879402582629	0.14571205974173707
0.8931978877095696	0.10680211229043036
0.9638532246681122	0.03614677533188778
0.6517454638339693	0.3482545361660308
0.9662131000058957	0.033786899994104315
0.9594905176074392	0.040509482392560754
0.5971715564716529	0.4028284435283471
0.8731534694778278	0.12684653052217224
0.7532855440700762	0.2467144559299238
0.6907891698440867	0.3092108301559134
0.9658404752338399	0.03415952476616011
0.33027306404735834	0.6697269359526417
0.3537617316784756	0.6462382683215244
0.6550772457822007	0.34492275421779933
0.8232200100748089	0.17677998992519103
0.6782557463655066	0.3217442536344935
0.8212830630667243	0.17871693693327573
0.7712975261049027	0.2287024738950974
0.34893574620044543	0.6510642537995546
0.34441494918919924	0.6555850508108008
0.5122259113990755	0.48777408860092447
0.9428465699415093	0.057153430058490676
0.17859858719036348	0.8214014128096365
0.5796146450106435	0.4203853549893565
0.42913621993813356	0.5708637800618664
0.45336083705928143	0.5466391629407186
0.874915983439154	0.125084016560846
0.8836697693724396	0.11633023062756048
0.8865644910416351	0.11343550895836489
0.7009904942934362	0.29900950570656387
0.3812801620637789	0.6187198379362211
0.2687877351665098	0.7312122648334902
0.9473012652723745	0.05269873472762559
0.9660818885538269	0.03391811144617304
0.9352598993190785	0.06474010068092155
0.8653056603853284	0.13469433961467153
0.9081538708390174	0.09184612916098256
0.9572879849328884	0.042712015067111614
0.9994114432698832	0.0005885567301168514
0.9998279313811698	0.00017206861883019243
0.9968855118785	0.003114488121499986
0.9990114808143792	0.0009885191856208414
0.7328274782056701	0.2671725217943299
0.6159090422027251	0.3840909577972748
0.9347361865456529	0.06526381345434702
0.9745056860104773	0.025494313989522788
0.36938485490445694	0.6306151450955431
0.7513227674591052	0.24867723254089485
0.9233960513220997	0.07660394867790035
0.9382742203752275	0.061725779624772506
0.7505861753909213	0.24941382460907868
0.9593731792175668	0.040626820782433175
0.9835038723756822	0.0164961276243179
0.9294970869545268	0.07050291304547317
0.7312743170850884	0.2687256829149116
0.6267987265186812	0.37320127348131876
0.5910454347064881	0.40895456529351193
0.2856735382404163	0.7143264617595837
0.2598555825385299	0.7401444174614701
0.47279071096750924	0.5272092890324908
0.5186854011152774	0.4813145988847226
0.5306554556603674	0.4693445443396326
0.3722714018600063	0.6277285981399937
0.6292579149620642	0.3707420850379358
0.8450230200678153	0.1549769799321847
0.4507200522719621	0.5492799477280379
0.6291622539588502	0.3708377460411499
0.030073500198726233	0.9699264998012738
0.9203663270450267	0.07963367295497321
0.060156208691053425	0.9398437913089466
0.5864101151924861	0.41358988480751396
0.9002660478526229	0.09973395214737711
0.5820334125548905	0.4179665874451095
0.3138846511493665	0.6861153488506335
0.5447280483275578	0.45527195167244217
0.35512212524699194	0.6448778747530081
0.945414323771797	0.054585676228203005
0.9982565471549664	0.0017434528450336049
0.9985019632212906	0.0014980367787094356
0.9961784316001564	0.00382156839984362
0.9955916075827839	0.004408392417216181
0.7855691276539569	0.21443087234604302
0.7512093348365184	0.24879066516348158
0.8921323900758985	0.1078676099241015
0.338619312097318	0.661380687902682
0.8417207860874893	0.1582792139125107
0.7763847598782796	0.22361524012172046
0.9062987912084732	0.09370120879152678
0.9701146774293278	0.029885322570672217
0.4455720527506013	0.5544279472493987
0.7934683827028227	0.2065316172971773
0.9826076479719137	0.01739235202808627
0.25203491929130284	0.7479650807086972
0.6839537813540781	0.31604621864592186
0.8521229355406514	0.1478770644593485
0.8136174519993216	0.18638254800067847
0.3621165660138047	0.6378834339861953
0.5692860044399014	0.4307139955600986
0.5342120417818141	0.4657879582181859
0.7823182345019937	0.21768176549800633
0.8492527121884086	0.1507472878115914
0.8306702833675558	0.16932971663244425
0.9103511267981905	0.08964887320180952
0.5467748444426257	0.45322515555737436
0.9552363363912637	0.044763663608736314
0.9033245950172648	0.09667540498273525
0.8335139884438189	0.16648601155618112
0.8750203963781036	0.12497960362189647
0.8360874050246634	0.16391259497533656
0.31303872686815404	0.686961273131846
0.12418920862179672	0.8758107913782033
0.7486043218085351	0.2513956781914649
0.722509916485179	0.27749008351482096
0.758719846432003	0.24128015356799706
0.7504651954372689	0.24953480456273114
0.136926483271399	0.863073516728601
0.7358292772011545	0.2641707227988455
0.41473487015309185	0.5852651298469081
0.3550338052259713	0.6449661947740287
0.5042082115229832	0.49579178847701677
0.49562730472967087	0.5043726952703291
0.38223852768550703	0.617761472314493
0.9444822578156764	0.05551774218432356
0.7126135292971156	0.2873864707028844
0.30153504993255564	0.6984649500674444
0.9955863934710107	0.004413606528989212
0.0933305297743885	0.9066694702256115
0.7000171207286956	0.2999828792713044
0.4738644881444273	0.5261355118555727
0.5357273892603165	0.4642726107396835
0.91543311523647	0.08456688476353
0.9440052580295495	0.05599474197045054
0.9339832502710155	0.06601674972898458
0.27009283411623697	0.729907165883763
0.4468298522681704	0.5531701477318296
0.5261701033302684	0.4738298966697316
0.8832245208527534	0.11677547914724658
0.6705717378117575	0.32942826218824256
0.39862547736903264	0.6013745226309674
0.789561141106203	0.21043885889379696
0.4354766436550397	0.5645233563449603
0.5109896517091524	0.48901034829084755
0.8533708226039417	0.14662917739605832
0.7647160610529717	0.2352839389470282
0.8037716387802529	0.19622836121974707
0.8578286851884431	0.1421713148115569
0.3445518182080374	0.6554481817919626
0.6713232399264562	0.32867676007354385
0.4519113622068811	0.5480886377931189
0.8417693804797742	0.1582306195202258
0.8215615698964354	0.17843843010356458
0.886420224105212	0.11357977589478796
0.7552993852640553	0.2447006147359448
0.293315772888337	0.706684227111663
0.7693319337699555	0.23066806623004457
0.08973157534245724	0.9102684246575428
0.18866982103008123	0.8113301789699188
0.06229133704870038	0.9377086629512996
0.9556936835169834	0.04430631648301665
0.7771281917869337	0.22287180821306624
0.3203651198633626	0.6796348801366374
0.486286534472565	0.513713465527435
0.5989131650724836	0.4010868349275164
0.8692932802672391	0.130706719732761
0.5440219241233504	0.4559780758766497
0.6070103901048199	0.39298960989518006
0.5654577391766485	0.43454226082335146
0.9567061287405159	0.04329387125948412
0.8796613089749344	0.12033869102506559
0.9351672909988545	0.06483270900114543
0.2204437771655131	0.7795562228344869
0.6566274192779941	0.34337258072200594
0.33083728735351614	0.6691627126464839
0.8539888695544122	0.14601113044558778
0.9163703115038816	0.08362968849611838
0.7877555231539146	0.21224447684608533
0.19099457505743844	0.8090054249425616
0.5846906457104106	0.4153093542895894
0.4456641458800531	0.5543358541199469
0.11169763871520244	0.8883023612847976
0.6260207374256319	0.3739792625743681
0.29984749512878117	0.7001525048712188
0.6275552476867315	0.37244475231326846
0.6970592011315495	0.30294079886845054
0.39853113544362473	0.6014688645563753
0.8568750753148258	0.14312492468517418
0.32273958829194804	0.677260411708052
0.7148977962544558	0.2851022037455441
0.15151236073766705	0.848487639262333
0.5058965581985083	0.4941034418014917
0.7998935386046951	0.20010646139530486
0.24440010694217018	0.7555998930578298
0.8074010200241236	0.19259897997587638
0.8292001915013403	0.17079980849865975
0.9405128632742755	0.05948713672572449
0.8499523693093478	0.1500476306906522
0.5976076434670019	0.40239235653299815
0.5497611918636447	0.45023880813635525
0.9585727170931431	0.041427282906856926
0.9354128272671961	0.0645871727328039
0.061984616711898144	0.9380153832881019
0.5843377060300988	0.4156622939699012
0.17832173645810445	0.8216782635418955
0.9312217365013763	0.06877826349862375
0.48398113133420617	0.5160188686657938
0.5198535751897824	0.48014642481021763
0.6976817734844107	0.3023182265155893
0.14223488761866443	0.8577651123813356
0.6326973832416942	0.3673026167583058
0.7326984801853986	0.2673015198146013
0.8672503376407199	0.13274966235928015
0.023136421335232193	0.9768635786647678
0.3174512330103433	0.6825487669896567
0.6414393379750246	0.3585606620249754
0.7748703780896486	0.2251296219103514
0.4091041607009335	0.5908958392990665
0.39219339113297225	0.6078066088670278
0.6540804602292756	0.3459195397707244
0.22857158408673217	0.7714284159132678
0.8325763980773156	0.16742360192268438
0.9230491124686524	0.07695088753134757
0.9340029594550472	0.06599704054495287
0.8345634568404364	0.16543654315956358
0.971341128848294	0.028658871151705942
0.16441986912604567	0.8355801308739543
0.9370233649984214	0.06297663500157852
0.5218082413476275	0.47819175865237257
0.8664704640109191	0.13352953598908096
0.36442393574307264	0.6355760642569274
0.7709703755253717	0.2290296244746283
0.6788884096107357	0.32111159038926435
0.9629504881256993	0.0370495118743007
0.2512821091987779	0.7487178908012221
0.8583480408190833	0.1416519591809166
0.04063692086996884	0.9593630791300312
0.8275212983634486	0.1724787016365514
0.7232671697597342	0.2767328302402658
0.797507811760156	0.2024921882398441
0.8322072075609979	0.16779279243900216
0.6251474468381457	0.37485255316185434
0.36361942735481734	0.6363805726451827
0.4754200849362368	0.5245799150637632
0.20246368069614118	0.7975363193038588
0.009049709333675326	0.9909502906663247
0.10883921122449436	0.8911607887755056
0.30438960559942174	0.6956103944005783
0.5896531770385927	0.41034682296140734
0.944955391731865	0.05504460826813491
0.4308726168949265	0.5691273831050735
0.03463019063037376	0.9653698093696262
0.5377795753886667	0.4622204246113333
0.19210670278120612	0.8078932972187939
0.7399208279158875	0.2600791720841124
0.2899875993813068	0.7100124006186932
0.8946912540124731	0.10530874598752694
0.8084291591115182	0.19157084088848175
0.8638107955767129	0.13618920442328708
0.8738958768872801	0.12610412311271993
0.4669901707470354	0.5330098292529646
0.8694285922315482	0.13057140776845175
0.9920454878860686	0.007954512113931398
0.7379741135102498	0.2620258864897503
0.6478897441426865	0.3521102558573135
0.8278048541048301	0.17219514589516996
0.4686894299465274	0.5313105700534726
0.8443164293880092	0.15568357061199078
0.10825619152133548	0.8917438084786645
0.9470369407293872	0.05296305927061289
0.7936801777749678	0.20631982222503215
0.6707228363285271	0.32927716367147286
0.27373391956211524	0.7262660804378848
0.9204048602614786	0.07959513973852139
0.9750956533754239	0.024904346624576048
0.9273460942797781	0.07265390572022194
0.8839319455098062	0.11606805449019371
0.9695695895566816	0.030430410443318415
0.9069845432912514	0.09301545670874856
0.8951259727098052	0.10487402729019482
0.8091206845154313	0.1908793154845687
0.8605959474339377	0.13940405256606225
0.12462821936173396	0.875371780638266
0.3666655085344679	0.6333344914655321
0.922430866662783	0.0775691333372171
0.983780095077906	0.01621990492209404
0.9046283417142148	0.09537165828578517
0.984299118031602	0.01570088196839802
0.9909327781640288	0.009067221835971197
0.9442448803648591	0.055755119635140876
0.9622279395443863	0.03777206045561362
0.8507568703745987	0.14924312962540126
0.6667617225447936	0.3332382774552064
0.6142754051126367	0.38572459488736327
0.5432159811176055	0.4567840188823945
0.6878369275216307	0.3121630724783692
0.8389564094532282	0.16104359054677178
0.9492644660691973	0.05073553393080262
0.26207037551458023	0.7379296244854198
0.9008892980135536	0.0991107019864464
0.9559733981984275	0.04402660180157246
0.9000958548155318	0.09990414518446822
0.8082764122602821	0.1917235877397179
0.8155450961414249	0.1844549038585751
0.6644860097879703	0.3355139902120296
0.7534693759865554	0.2465306240134446
0.8581752753154758	0.1418247246845242
0.42503028929552356	0.5749697107044764
0.24816020822331275	0.7518397917766872
0.6309538355979353	0.3690461644020647
0.9793028724882769	0.020697127511723194
0.7603023418861745	0.23969765811382543
0.20451495579375123	0.7954850442062488
0.08571442829215925	0.9142855717078407
0.8913405094245694	0.10865949057543053
0.9635681969594804	0.03643180304051961
0.8483816391593015	0.1516183608406984
0.9444974567004732	0.05550254329952679
0.5024512861653218	0.49754871383467825
0.9549617688538949	0.04503823114610506
0.7946795290642031	0.2053204709357969
0.875835787462037	0.124164212537963
0.5484186542522178	0.45158134574778214
0.8797884796052853	0.12021152039471471
0.8108277262280406	0.1891722737719594
0.8289757377996443	0.17102426220035571
0.6365157471321916	0.36348425286780844
0.7856815531125991	0.2143184468874009
0.14550221446938527	0.8544977855306147
0.9137082421909657	0.08629175780903432
0.978975659971811	0.02102434002818903
0.3747688359056206	0.6252311640943794
0.8429140449452999	0.1570859550547001
0.7680765225181615	0.23192347748183847
0.9452951346033212	0.05470486539667888
0.9158024315790554	0.08419756842094456
0.9867724663846731	0.013227533615326902
0.8281850433742862	0.1718149566257138
0.8388481807930595	0.16115181920694055
0.2793141161089979	0.7206858838910021
0.9243773322274429	0.07562266777255715
0.4745892085557851	0.5254107914442149
0.8041886367879789	0.19581136321202106
0.8417770414924726	0.15822295850752743
0.9255601998211174	0.07443980017888267
0.6963204651444104	0.3036795348555896
0.880222115347177	0.11977788465282303
0.7032667957583523	0.29673320424164773
0.7866034613664434	0.2133965386335565
0.9132664537480909	0.08673354625190906
0.6329532521108591	0.36704674788914093
0.509726477094548	0.490273522905452
0.7420327027684666	0.2579672972315334
0.761807398575542	0.23819260142445794
0.8959247771551281	0.1040752228448719
0.6525730863212377	0.34742691367876233
0.7049318664626478	0.2950681335373521
0.8618763465762755	0.13812365342372443
0.04300338620398514	0.9569966137960149
0.36915705693823475	0.6308429430617652
0.28150688581291505	0.718493114187085
0.8994836201899393	0.10051637981006069
0.9197794376119373	0.08022056238806272
0.41028793500622474	0.5897120649937753
0.9149172810850242	0.08508271891497578
0.6684676429444767	0.33153235705552325
0.31518148554077896	0.684818514459221
0.052198486097334684	0.9478015139026653
0.022026182640359826	0.9779738173596402
0.5095383407309736	0.4904616592690264
0.34594458351823554	0.6540554164817645
0.2070902412433273	0.7929097587566727
0.7869354323767473	0.21306456762325268
0.19996107540655284	0.8000389245934472
0.6244094828212666	0.3755905171787334
0.28020928670027867	0.7197907132997213
0.6557589973086092	0.3442410026913908
0.42879556651101225	0.5712044334889878
0.6908049044254485	0.3091950955745515
0.8934558635893115	0.10654413641068852
0.7323904547519346	0.2676095452480653
0.7029753541825468	0.29702464581745325
0.7819940290702777	0.21800597092972232
0.42242805471249645	0.5775719452875036
0.16459550848145532	0.8354044915185447
0.8000524671668474	0.19994753283315253
0.5614344320423736	0.43856556795762636
0.2779167078629615	0.7220832921370385
0.545842505691124	0.45415749430887603
0.28527161030008674	0.7147283896999133
0.08045290669687277	0.9195470933031272
0.2987472811164381	0.7012527188835619
0.5359379131698485	0.46406208683015154
0.25905019808006424	0.7409498019199358
0.06835261519841629	0.9316473848015837
0.6150269673316864	0.3849730326683137
0.43952947217537697	0.560470527824623
0.3418097512345998	0.6581902487654002
0.2369746271226124	0.7630253728773876
0.5815033290116784	0.41849667098832155
0.4824930416418154	0.5175069583581846
0.15043982567121272	0.8495601743287873
0.38476330732152897	0.615236692678471
0.3523406335980497	0.6476593664019503
0.927752457887736	0.07224754211226399
0.18277932535783414	0.8172206746421659
0.9302212996273002	0.06977870037269986
0.8727590743722518	0.12724092562774825
0.48084334791260186	0.5191566520873981
0.6618349397978716	0.33816506020212844
0.8759842948199146	0.12401570518008537
0.8675630680115234	0.13243693198847667
0.8763308741521216	0.12366912584787833
0.4176166040810485	0.5823833959189515
0.5913832828456431	0.4086167171543568
0.6702679279253442	0.3297320720746558
0.20860612334465167	0.7913938766553483
0.6094339227767538	0.39056607722324627
0.8419563254495651	0.15804367455043491
0.5743024043487035	0.42569759565129645
0.5727301165387123	0.4272698834612877
0.5018342439701082	0.4981657560298918
0.8613001730214753	0.13869982697852465
0.03529133633292203	0.964708663667078
0.4464732517283637	0.5535267482716363
0.30306075903081675	0.6969392409691832
0.9236292632929365	0.07637073670706349
0.4599724919718776	0.5400275080281224
0.8094749521833533	0.19052504781664673
0.09656063942516102	0.903439360574839
0.07078513244649032	0.9292148675535097
0.8204803709434129	0.1795196290565871
0.9308753105038519	0.06912468949614814
0.713371290763182	0.28662870923681805
0.8703380105910694	0.1296619894089306
0.16778057216522058	0.8322194278347794
0.1688348695847346	0.8311651304152654
0.7504481582367537	0.24955184176324635
0.03274305077932538	0.9672569492206746
0.16508005586010321	0.8349199441398968
0.7148348527087218	0.28516514729127823
0.8394758580364053	0.16052414196359469
0.4254868487163669	0.5745131512836331
0.7247172588166866	0.2752827411833135
0.6203985750332793	0.37960142496672067
0.3735916396887349	0.6264083603112651
0.5283255491151582	0.4716744508848419
0.9181829755935331	0.08181702440646683
0.6734499562981204	0.3265500437018795
0.09723327294028594	0.9027667270597141
0.3393370027334207	0.6606629972665793
0.9727179319658755	0.02728206803412451
0.8142547647423113	0.1857452352576887
0.7380908326158904	0.2619091673841097
0.7972916128679068	0.2027083871320932
0.9692071147821547	0.03079288521784529
0.9209716019684124	0.07902839803158761
0.1596754746620943	0.8403245253379057
0.9957229006817663	0.004277099318233677
0.9999567980171964	4.32019828036302e-05
0.9260020650202107	0.0739979349797893
0.9535558655033962	0.04644413449660384
0.95270208996177	0.04729791003822999
0.8769595301066035	0.12304046989339644
0.94509012611475	0.05490987388525002
0.7223724037669746	0.27762759623302535
0.32499065369560376	0.6750093463043962
0.537160122539388	0.46283987746061195
0.8951637088301466	0.10483629116985337
0.8255696329463176	0.17443036705368237
0.8605180265647566	0.13948197343524335
0.7521868697642111	0.24781313023578888
0.11987333443624704	0.880126665563753
0.9289005824510009	0.07109941754899902
0.8469733391010486	0.1530266608989515
0.09032623566283748	0.9096737643371625
0.750204106662298	0.24979589333770208
0.31448580232240364	0.6855141976775964
0.6441223966326031	0.355877603367397
0.9355822035744499	0.06441779642555014
0.12918425553666202	0.870815744463338
0.2980619103659772	0.7019380896340228
0.3570903869680143	0.6429096130319857
0.15464782042194058	0.8453521795780594
0.7886883474514141	0.21131165254858583
0.41850390344065846	0.5814960965593415
0.0664209826670259	0.9335790173329741
0.15813638435041055	0.8418636156495894
0.7143354861788231	0.2856645138211769
0.481266673674559	0.518733326325441
0.41554365082103006	0.5844563491789699
0.4862295097649507	0.5137704902350493
0.7734951201725307	0.22650487982746925
0.5181465650759082	0.48185343492409183
0.5713799198810772	0.42862008011892283
0.09816170969061	0.90183829030939
0.5091184790351364	0.49088152096486354
0.1735598666235285	0.8264401333764715
0.7891351310276744	0.2108648689723256
0.696098696195921	0.30390130380407904
0.9108126527193636	0.08918734728063636
0.21131999338908725	0.7886800066109128
0.8307751382082522	0.16922486179174778
0.5862911397383224	0.4137088602616776
0.6787181077166627	0.32128189228333726
0.45954880536460985	0.5404511946353902
0.7742184208890761	0.22578157911092395
0.547658915023002	0.452341084976998
0.7286367974712953	0.27136320252870477
0.4993207087814864	0.5006792912185136
0.6575049322476574	0.3424950677523427
0.3966962568671988	0.6033037431328012
0.5687780593048134	0.4312219406951866
0.9128615504711954	0.08713844952880452
0.3784256693716632	0.6215743306283368
0.19191635821367503	0.808083641786325
0.7225774450212616	0.27742255497873836
0.3641420443125234	0.6358579556874766
0.6084748205853456	0.3915251794146543
0.8217620285115353	0.17823797148846462
0.1655595625759535	0.8344404374240465
0.9295189942620785	0.07048100573792149
0.5128677470012022	0.4871322529987978
0.6195711214870272	0.38042887851297286
0.5664551303352237	0.43354486966477634
0.10097546938641577	0.8990245306135842
0.7818180268082005	0.2181819731917995
0.8553440046754934	0.14465599532450654
0.6868343684144085	0.3131656315855916
0.5120341855143499	0.48796581448565013
0.3869511427312372	0.6130488572687628
0.7117476092040179	0.2882523907959821
0.8117068264831282	0.1882931735168718
0.9188729745916273	0.08112702540837273
0.8467181546920468	0.1532818453079532
0.6003377591410959	0.3996622408589041
0.946909605334453	0.05309039466554696
0.4757192406778509	0.5242807593221491
0.7689343667727723	0.23106563322722773
0.4395293587349801	0.5604706412650199
0.8966850526037474	0.10331494739625256
0.47225587871108965	0.5277441212889104
0.4518072866347884	0.5481927133652116
0.31558296935990016	0.6844170306400998
0.7256182020370279	0.27438179796297213
0.8646775944906971	0.13532240550930286
0.7324714934696672	0.2675285065303327
0.09551057682766295	0.904489423172337
0.1904117849433491	0.8095882150566509
0.6934569931196615	0.30654300688033853
0.3500438674516576	0.6499561325483424
0.40942678654506026	0.5905732134549397
0.24539870404938846	0.7546012959506115
0.24652244105297005	0.75347755894703
0.550460207067009	0.44953979293299096
0.6209454849703591	0.3790545150296409
0.522087273278603	0.4779127267213969
0.8793949058823479	0.1206050941176521
0.3504955596438425	0.6495044403561575
0.35728677436134115	0.6427132256386588
0.5189298174796342	0.48107018252036576
0.8342870658552038	0.16571293414479615
0.5439127145569103	0.4560872854430897
0.5809562002676351	0.41904379973236494
0.1343005054648596	0.8656994945351404
0.6688107087773733	0.33118929122262675
0.2413928840454147	0.7586071159545853
0.5333468870964764	0.4666531129035236
0.6387374047476138	0.36126259525238624
0.8801353375259736	0.11986466247402636
0.8475381473268884	0.15246185267311163
0.9292523728317937	0.0707476271682063
0.7953784843971128	0.2046215156028872
0.3879848211760448	0.6120151788239552
0.7365372664538632	0.26346273354613675
0.1628967755453984	0.8371032244546016
0.6536383632870024	0.3463616367129975
0.9968122790675847	0.003187720932415316
0.12332757382644888	0.8766724261735511
0.3261762506278383	0.6738237493721617
0.01616571233755204	0.983834287662448
0.41215315070805036	0.5878468492919496
0.5851623471104528	0.41483765288954716
0.42489507754744804	0.575104922452552
0.9310393942378642	0.06896060576213583
0.3719318799895688	0.6280681200104312
0.7792664432617681	0.22073355673823192
0.5866752971258196	0.4133247028741804
0.6504147980128266	0.34958520198717336
0.9927987005622836	0.007201299437716378
0.5228443503403144	0.47715564965968554
0.9582584064718647	0.041741593528135286
0.7641560295995772	0.2358439704004228
0.9421888191444484	0.05781118085555159
0.6488497121491312	0.3511502878508688
0.6487562845927084	0.3512437154072916
0.5684886247366205	0.4315113752633795
0.8137674175030584	0.18623258249694166
0.39399346275421887	0.6060065372457811
0.4414878788802101	0.5585121211197899
0.060389452877401495	0.9396105471225985
0.6478302706344672	0.35216972936553287
0.2670921779868506	0.7329078220131494
0.16992874202986596	0.830071257970134
0.9393184570745957	0.06068154292540431
0.727135319237828	0.2728646807621719
0.7740875306978394	0.2259124693021606
0.2452448185662096	0.7547551814337904
0.9853263737964236	0.014673626203576413
0.979422992579379	0.02057700742062099
0.6495128612129355	0.3504871387870645
0.8450068985895777	0.15499310141042233
0.5064516334035702	0.4935483665964298
0.39934386082158546	0.6006561391784145
0.33292172693256883	0.6670782730674312
0.9472082423137869	0.05279175768621308
0.9139250435721811	0.08607495642781891
0.8264330484211958	0.17356695157880422
0.7366621707304651	0.26333782926953486
0.09149883304776818	0.9085011669522318
0.7942573367422349	0.2057426632577651
0.916571736089094	0.08342826391090598
0.9203218400870591	0.07967815991294092
0.7607181821160743	0.23928181788392566
0.12484597963846	0.87515402036154
0.9582989596545808	0.04170104034541926
0.2340026424200361	0.7659973575799639
0.429315183477207	0.570684816522793
0.4674025695482228	0.5325974304517772
0.8251214767108722	0.1748785232891278
0.9304647278816986	0.06953527211830136
0.9738871821898749	0.026112817810125068
0.7617475872193036	0.23825241278069637
0.9559048547656893	0.04409514523431072
0.3797050911529928	0.6202949088470072
0.6611402139603392	0.3388597860396608
0.6291412211884906	0.37085877881150947
0.7635020166281309	0.2364979833718691
0.872486726362659	0.127513273637341
0.9672899247251512	0.03271007527484878
0.253205625145571	0.746794374854429
0.28670426760638146	0.7132957323936185
0.423547349278382	0.576452650721618
0.5931806057146851	0.40681939428531494
0.7896607690146443	0.21033923098535565
0.9575343565601384	0.04246564343986159
0.07802818643057252	0.9219718135694275
0.29592598726246566	0.7040740127375343
0.9700892658878147	0.029910734112185297
0.8662784706513582	0.13372152934864173
0.41179413142624255	0.5882058685737575
0.4386635610772256	0.5613364389227744
0.9329731600134666	0.06702683998653332
0.5797489841847207	0.42025101581527935
0.8626394424921118	0.13736055750788825
0.1325273393462042	0.8674726606537958
0.811906622700638	0.188093377299362
0.47278196384892435	0.5272180361510757
0.7120893326813305	0.2879106673186695
0.6991680343972981	0.3008319656027018
0.5591752130117233	0.44082478698827665
0.5153444809618646	0.4846555190381354
0.929805959743018	0.07019404025698191
0.7887640182113802	0.21123598178861985
0.5986953452969953	0.4013046547030047
0.636560175569516	0.36343982443048395
0.6550293177392875	0.3449706822607125
0.2257208035202115	0.7742791964797885
0.5256335472483302	0.47436645275166983
0.8091586476327373	0.19084135236726268
0.5906262304526373	0.4093737695473627
0.20048742657979568	0.7995125734202043
0.6898990119911839	0.3101009880088162
0.8734250753687923	0.12657492463120765
0.7287980032506791	0.27120199674932083
0.6889747171796887	0.31102528282031133
0.8990028285517685	0.10099717144823155
0.5415133296939847	0.45848667030601525
0.8035267778606354	0.19647322213936458
0.5982225158962307	0.4017774841037693
0.7217517485036513	0.27824825149634874
0.9249866786601915	0.07501332133980858
0.9508673413582963	0.04913265864170367
0.4924222974230733	0.5075777025769267
0.7690767285860843	0.2309232714139157
0.4954466332020452	0.5045533667979548
0.1858076770554783	0.8141923229445217
0.28626825857178995	0.71373174142821
0.9897219518525384	0.010278048147461569
0.8599228599651095	0.1400771400348905
0.7249920706858667	0.2750079293141333
0.2244977230745019	0.7755022769254981
0.6339001051420394	0.36609989485796063
0.2821983265039154	0.7178016734960846
0.13453863297386837	0.8654613670261316
0.6665258425478713	0.3334741574521287
0.6322148540396025	0.36778514596039746
0.39396142803517853	0.6060385719648215
0.3147770751529917	0.6852229248470083
0.6724739801697996	0.32752601983020035
0.2950790589554173	0.7049209410445827
0.98615559488952	0.01384440511048004
0.9956826703544419	0.0043173296455580506
0.352764155329903	0.647235844670097
0.9534651203850733	0.046534879614926736
0.09415794907543107	0.9058420509245689
0.6603059887733798	0.3396940112266202
0.7744913825717105	0.22550861742828954
0.5721563629626596	0.42784363703734035
0.141068603311037	0.858931396688963
0.22498892474422738	0.7750110752557726
0.510217041314698	0.489782958685302
0.5553463918680916	0.4446536081319084
0.7573918466038791	0.2426081533961209
0.643113640550383	0.35688635944961694
0.9507859448106787	0.04921405518932135
0.20817497467968904	0.791825025320311
0.9471606833160247	0.05283931668397539
0.7916409127544133	0.20835908724558674
0.6466789760473322	0.3533210239526678
0.7795637890406574	0.22043621095934263
0.6432345212762735	0.35676547872372655
0.36158662246372186	0.6384133775362781
0.5010570165241401	0.4989429834758599
0.7302819823492498	0.2697180176507502
0.7425745904888651	0.2574254095111349
0.943939883789297	0.0560601162107029
0.985179219268078	0.014820780731921935
0.629722490006912	0.37027750999308795
0.4291198798344751	0.5708801201655249
0.6600066022795195	0.3399933977204806
0.6865948273257392	0.3134051726742608
0.32656939190579815	0.6734306080942019
0.6738153560085262	0.32618464399147384
0.8573115118114416	0.14268848818855845
0.3742617594876456	0.6257382405123544
0.28449707269680724	0.7155029273031928
0.6239113546117432	0.37608864538825676
0.49589191102315044	0.5041080889768496
0.830738891897536	0.16926110810246395
0.866528556471249	0.133471443528751
0.7761203400164648	0.2238796599835352
0.9322635756831568	0.06773642431684324
0.8336899201537578	0.16631007984624224
0.26761131452715314	0.7323886854728469
0.43000235183721824	0.5699976481627818
0.594804561661235	0.40519543833876503
0.9096284362875138	0.09037156371248627
0.5492328663803252	0.45076713361967485
0.48852557166067867	0.5114744283393213
0.20403743510884798	0.795962564891152
0.6545527502023627	0.34544724979763725
0.9400127295256911	0.05998727047430885
0.8272469709057486	0.17275302909425133
0.9590852892035279	0.04091471079647213
0.9150501414440477	0.08494985855595222
0.6871111168074546	0.3128888831925454
0.8528968827267857	0.14710311727321432
0.9361241826449447	0.06387581735505538
0.6686060459358163	0.33139395406418365
0.6008108727055632	0.3991891272944368
0.9220065837326465	0.07799341626735348
0.5983987829475992	0.4016012170524008
0.11006327325603837	0.8899367267439616
0.44491146980058116	0.5550885301994188
0.544449011583495	0.45555098841650504
0.4058273328314984	0.5941726671685016
0.7759300653242869	0.22406993467571318
0.3018708612463993	0.6981291387536007
0.17331944095745833	0.8266805590425417
0.6788531159731983	0.32114688402680164
0.48805660541915374	0.5119433945808463
0.42990839375116263	0.5700916062488374
0.6838384039560006	0.3161615960439994
0.3624816282109278	0.6375183717890722
0.9099177551058705	0.09008224489412957
0.9562111067852848	0.04378889321471525
0.26443347622719027	0.7355665237728097
0.8840398293002514	0.11596017069974864
0.8333892191594156	0.16661078084058448
0.6610999402389803	0.3389000597610196
0.8196896745031506	0.1803103254968494
0.45925055820691685	0.5407494417930832
0.5850479459334341	0.4149520540665658
0.4257780036157889	0.5742219963842111
0.9153565096438617	0.08464349035613832
0.9072797540464006	0.09272024595359937
0.4821317556041341	0.5178682443958659
0.6596836617474444	0.3403163382525556
0.6024109488046663	0.39758905119533366
0.1698068123270412	0.8301931876729588
0.5175658047938665	0.48243419520613356
0.16026335238376754	0.8397366476162325
0.3875952580382167	0.6124047419617833
0.8647928877677147	0.13520711223228532
0.7651613355482154	0.23483866445178453
0.41095784694028314	0.5890421530597169
0.7931533728070332	0.20684662719296676
0.6301864373154474	0.36981356268455257
0.934949483908744	0.06505051609125596
0.8445641790154251	0.15543582098457484
0.8726308240893825	0.1273691759106175
0.7187696093511111	0.2812303906488889
0.9361724484339733	0.06382755156602671
0.11798513675157352	0.8820148632484265
0.7335888026697858	0.26641119733021423
0.5716883098189396	0.4283116901810604
0.34951460492935804	0.650485395070642
0.6580687110163195	0.34193128898368047
0.1069030972424404	0.8930969027575596
0.11705422847530556	0.8829457715246944
0.41333343259869226	0.5866665674013077
0.7475992509532724	0.2524007490467276
0.405996702817944	0.594003297182056
0.6383539013165354	0.3616460986834647
0.05670983460010315	0.9432901653998969
0.20478712934154242	0.7952128706584576
0.08557834479559567	0.9144216552044043
0.9370291964783883	0.06297080352161168
0.7948842870676596	0.20511571293234043
0.8255199295694486	0.1744800704305514
0.4945942850201658	0.5054057149798342
0.9649937543845355	0.03500624561546445
0.4791167865802769	0.5208832134197231
0.705031056743877	0.294968943256123
0.9064155212381482	0.09358447876185183
0.7079007310911036	0.2920992689088963
0.8564086731935022	0.14359132680649778
0.1208721150442551	0.8791278849557449
0.6892897096798136	0.3107102903201863
0.8511118495219945	0.14888815047800552
0.302191818572768	0.697808181427232
0.6645834600378775	0.3354165399621225
0.13965892116308576	0.8603410788369142
0.9491538576964864	0.05084614230351364
0.7289653935895809	0.2710346064104191
0.6017577388575502	0.39824226114244976
0.8741164843813516	0.12588351561864836
0.975210920644563	0.024789079355436956
0.4968469446788635	0.5031530553211365
0.5802816082514826	0.41971839174851744
0.1763292445073984	0.8236707554926016
0.9203267318684297	0.0796732681315703
0.6478721213187644	0.3521278786812356
0.8936134942913603	0.10638650570863978
0.8019146797397239	0.19808532026027617
0.9301935801427992	0.06980641985720083
0.35530042772915993	0.6446995722708401
0.5026465653094168	0.4973534346905833
0.7937441365918327	0.20625586340816723
0.7160427992071663	0.28395720079283365
0.8289501528961917	0.17104984710380836
0.12408651992322528	0.8759134800767747
0.007223599650493351	0.9927764003495066
0.2585149292447404	0.7414850707552596
0.7728743851993336	0.22712561480066645
0.6840626363330399	0.3159373636669601
0.22932010008285075	0.7706798999171492
0.8818620654104411	0.11813793458955887
0.9995269256591262	0.00047307434087386383
0.9959013011623075	0.0040986988376925625
0.7868565324775061	0.21314346752249397
0.9361281142927977	0.06387188570720227
0.822976002103263	0.17702399789673692
0.4454776519677591	0.5545223480322409
0.6098650263130455	0.3901349736869545
0.6242029552591786	0.3757970447408215
0.02946128925783409	0.9705387107421659
0.521687239348989	0.478312760651011
0.8019000588302808	0.19809994116971918
0.8509291687447134	0.1490708312552867
0.8687323935838154	0.13126760641618462
0.24129706720704336	0.7587029327929566
0.801524274458403	0.19847572554159704
0.7228536706655769	0.27714632933442307
0.5745216987200004	0.42547830127999964
0.8328706592414367	0.16712934075856334
0.9722509090589713	0.027749090941028787
0.15290593471140201	0.847094065288598
0.7806958791603043	0.21930412083969578
0.22372412342154802	0.776275876578452
0.2161784504269606	0.7838215495730394
0.9417943255228145	0.05820567447718545
0.3004905047922969	0.6995094952077031
0.4700287207154672	0.5299712792845328
0.7573738872904019	0.24262611270959814
0.4081837253717111	0.5918162746282889
0.7502885494676838	0.24971145053231622
0.8728987960446389	0.1271012039553611
0.39002619332368915	0.6099738066763108
0.8421034474915279	0.15789655250847212
0.7768313174913749	0.22316868250862507
0.9560992804614856	0.04390071953851441
0.8872821956346542	0.11271780436534581
0.9655014132171508	0.034498586782849276
0.7162427255110149	0.2837572744889851
0.4902656447675302	0.5097343552324698
0.3565780518677548	0.6434219481322452
0.278967063961721	0.721032936038279
0.2835383482654469	0.7164616517345531
0.8218824737963275	0.1781175262036725
0.46436211143954864	0.5356378885604514
0.5133234596294185	0.48667654037058145
0.42023010682120876	0.5797698931787912
0.7646175533224672	0.23538244667753283
0.7767300010096424	0.22326999899035757
0.79168649670462	0.20831350329537995
0.8273035554003113	0.1726964445996887
0.9166787534241463	0.0833212465758537
0.29961486546504257	0.7003851345349574
0.07723750812737207	0.9227624918726279
0.9045058132959389	0.09549418670406111
0.3673105208305818	0.6326894791694182
0.05241886954267805	0.947581130457322
0.8558817263678066	0.14411827363219343
0.7595727923074616	0.2404272076925385
0.9394963102132938	0.06050368978670616
0.514075597934121	0.48592440206587895
0.5277991725030025	0.4722008274969976
0.2685807763457114	0.7314192236542886
0.9479302943236408	0.05206970567635919
0.6155619265870997	0.38443807341290026
0.5994903441554456	0.40050965584455445
0.09731864094642118	0.9026813590535788
0.3976989841043169	0.6023010158956831
0.6326271877626255	0.3673728122373745
0.2563675027047425	0.7436324972952575
0.6067194195825629	0.3932805804174371
0.47755198481618844	0.5224480151838116
0.5483432453593935	0.45165675464060656
0.31784656888092344	0.6821534311190766
0.48554011918668016	0.5144598808133198
0.8798837089756676	0.1201162910243324
0.4547948101039495	0.5452051898960505
0.7065350362296243	0.29346496377037573
0.12588845263033066	0.8741115473696693
0.8367896914499569	0.1632103085500432
0.7856798302534218	0.21432016974657814
0.12422344052803869	0.8757765594719613
0.7656967609653174	0.23430323903468261
0.8980027519950615	0.10199724800493852
0.5333696984447056	0.46663030155529434
0.1249399223084745	0.8750600776915255
0.8691621874842348	0.13083781251576515
0.8701300907946831	0.12986990920531696
0.9496008917959889	0.05039910820401103
0.20745317578014466	0.7925468242198553
0.7313743990336907	0.2686256009663092
0.5498429704341459	0.4501570295658541
0.9396097198577762	0.06039028014222378
0.8410763612869779	0.1589236387130221
0.23384969692279156	0.7661503030772084
0.4564283289268818	0.5435716710731182
0.6915230846536778	0.30847691534632216
0.9906761028268539	0.009323897173146032
0.9858209831152778	0.014179016884722279
0.27197611784017706	0.7280238821598229
0.9472198068183667	0.05278019318163325
0.1542916339191207	0.8457083660808793
0.1465843385015213	0.8534156614984787
0.23322023444966122	0.7667797655503388
0.9517449626242531	0.04825503737574692
0.16510078945229734	0.8348992105477027
0.7397000161607852	0.2602999838392149
0.6855229088542076	0.3144770911457924
0.07791899485629916	0.9220810051437008
0.9035330790799512	0.09646692092004884
0.9550404977189291	0.044959502281070894
0.8620688582126745	0.13793114178732546
0.8436022749791646	0.15639772502083538
0.9638987728352733	0.03610122716472674
0.0535418691528593	0.9464581308471407
0.7959334989616681	0.20406650103833188
0.896710910737274	0.10328908926272592
0.5965920804498819	0.40340791955011807
0.5083727797146778	0.4916272202853223
0.7176363597999684	0.2823636402000315
0.42407417567919914	0.5759258243208009
0.293078328248787	0.706921671751213
0.3596292460100702	0.6403707539899298
0.5887939272891545	0.4112060727108456
0.9047441944562981	0.09525580554370192
0.11338778135856042	0.8866122186414396
0.5538697556948919	0.4461302443051081
0.6315019360129146	0.3684980639870854
0.22291060080217995	0.77708939919782
0.9814923712253292	0.018507628774670788
0.9239188279748363	0.07608117202516376
0.7113616545089372	0.2886383454910628
0.9631926603637894	0.03680733963621064
0.9799531703995868	0.02004682960041314
0.8807359051119029	0.11926409488809712
0.6718789061515004	0.32812109384849963
0.5723954949346788	0.42760450506532116
0.5941259228741755	0.4058740771258245
0.06291086390118705	0.937089136098813
0.6582884848073595	0.34171151519264054
0.0859073898075765	0.9140926101924235
0.8233641594784199	0.17663584052158013
0.7289900330566506	0.2710099669433495
0.45014928615567573	0.5498507138443243
0.3785035236832729	0.6214964763167271
0.906903781025732	0.09309621897426805
0.45341329809761555	0.5465867019023845
0.5021314962108319	0.4978685037891682
0.7099041524878353	0.2900958475121646
0.15809392958788193	0.8419060704121181
0.9912839658235186	0.008716034176481388
0.5020595743378529	0.4979404256621472
0.393005339244737	0.606994660755263
0.9519694535536649	0.04803054644633509
0.5825202265456759	0.41747977345432413
0.7196188486158344	0.2803811513841656
0.9310178513688536	0.0689821486311464
0.8886037237222503	0.11139627627774974
0.47854931686170465	0.5214506831382953
0.5469851393597752	0.4530148606402248
0.8453046484059246	0.1546953515940754
0.6696173878951082	0.3303826121048919
0.07061110568059537	0.9293888943194046
0.1972706148064537	0.8027293851935463
0.4979789720196667	0.5020210279803333
0.08224317579286522	0.9177568242071348
0.8994171935214733	0.10058280647852667
0.8636216283581316	0.13637837164186842
0.3805341283896483	0.6194658716103517
0.5052145230740833	0.4947854769259167
0.6902300394283649	0.30976996057163514
0.18047895678452608	0.8195210432154739
0.18710501638135368	0.8128949836186463
0.5791239881814485	0.4208760118185515
0.92701300834128	0.07298699165872008
0.23246421689763008	0.7675357831023699
0.8197316032161063	0.1802683967838937
0.5322438584639295	0.4677561415360705
0.23201456560762934	0.7679854343923707
0.34607594785561024	0.6539240521443898
0.42328676491268924	0.5767132350873108
0.6596190380868713	0.3403809619131287
0.4784421191021381	0.5215578808978619
0.611750822139511	0.38824917786048896
0.8593183556985451	0.14068164430145486
0.7039148887353186	0.2960851112646814
0.031008939379588596	0.9689910606204114
0.557269289781205	0.44273071021879495
0.09810958362369393	0.9018904163763061
0.6222992362122014	0.3777007637877986
0.9530141226681237	0.0469858773318763
0.9590568490275426	0.04094315097245742
0.8582291166669986	0.1417708833330014
0.9627713637087197	0.037228636291280266
0.32425866678830495	0.675741333211695
0.5270200061467317	0.4729799938532683
0.9018572799085478	0.09814272009145222
0.46126796745810206	0.5387320325418979
0.6597004442447494	0.3402995557552506
0.8267872853171068	0.17321271468289323
0.8654492677890367	0.13455073221096325
0.4213152042995689	0.5786847957004311
0.5726704224534471	0.42732957754655293
0.5296626678705711	0.47033733212942885
0.5247613804096287	0.4752386195903712
0.23804065678246944	0.7619593432175306
0.4807202175478995	0.5192797824521005
0.25077926327994393	0.7492207367200561
0.999340401126043	0.0006595988739569709
0.9974298429068973	0.00257015709310275
0.9999506390405242	4.936095947579729e-05
0.9990687594901423	0.0009312405098576711
0.995988026471129	0.004011973528870962
0.9990251188598389	0.0009748811401610607
0.9965071115222351	0.0034928884777648975
0.6141785508422886	0.3858214491577114
0.5660897371965002	0.43391026280349976
0.6793124383595301	0.3206875616404698
0.6452059899511307	0.3547940100488694
0.6599976086372223	0.3400023913627776
0.9886293598190061	0.011370640180993898
0.8584929322981139	0.14150706770188615
0.9663206513984631	0.03367934860153686
0.7169103179295788	0.28308968207042123
0.4107478453419122	0.5892521546580878
0.11668939090414243	0.8833106090958576
0.7162495121944692	0.28375048780553075
0.7051616013525193	0.2948383986474807
0.25483741779728863	0.7451625822027114
0.6943922459379673	0.30560775406203267
0.5622333277592144	0.4377666722407856
0.18728849855988372	0.8127115014401163
0.846502466083541	0.15349753391645904
0.7222855803082964	0.2777144196917036
0.9995529514666286	0.00044704853337142495
0.9998596845324995	0.000140315467500492
0.9999168231753892	8.31768246107974e-05
0.9965465270138872	0.0034534729861127583
0.999959945407788	4.005459221205745e-05
0.7148372021442864	0.28516279785571363
0.9123819212519015	0.0876180787480984
0.931923145691476	0.06807685430852395
0.6143928012559017	0.3856071987440983
0.7283463059535749	0.27165369404642514
0.18289723078951847	0.8171027692104815
0.9596755556250982	0.040324444374901756
0.8512716188379249	0.14872838116207512
0.8660991023004367	0.13390089769956323
0.7975539137949925	0.2024460862050075
0.6488090460649654	0.3511909539350346
0.8115104961895488	0.18848950381045113
0.4542816530879874	0.5457183469120126
0.999563466305411	0.00043653369458894486
0.9975185188972354	0.002481481102764614
0.9961262550544695	0.0038737449455304705
0.9994471542128379	0.0005528457871621147
0.9996540540625536	0.000345945937446396
0.9998914252172961	0.00010857478270389347
0.9987807246155859	0.0012192753844141105
0.999962238222287	3.776177771296445e-05
0.9967793940216424	0.003220605978357617
0.9993489284996414	0.0006510715003586202
0.9973257306809874	0.0026742693190126027
0.5578839424084916	0.44211605759150846
0.018838531347838305	0.9811614686521617
0.2630841443063474	0.7369158556936526
0.12477600365458541	0.8752239963454146
0.791930889601639	0.208069110398361
0.5794955897449414	0.4205044102550586
0.9835017731774345	0.016498226822565507
0.22727024110137073	0.7727297588986293
0.3535858308764174	0.6464141691235826
0.7197833225976159	0.2802166774023841
0.7189267522303013	0.2810732477696986
0.06530143838784341	0.9346985616121566
0.9847828632420874	0.01521713675791257
0.8070070220026253	0.1929929779973747
0.8544773982777883	0.14552260172221163
0.8186967729471863	0.18130322705281368
0.9111121122012877	0.0888878877987122
0.04046394048226987	0.9595360595177301
0.5180720016512002	0.4819279983487998
0.4630450931458677	0.5369549068541323
0.27989551115582945	0.7201044888441706
0.7004431762370064	0.29955682376299364
0.9747327623358402	0.025267237664159815
0.538369083879431	0.46163091612056895
0.7048576637106765	0.29514233628932357
0.9430723397161005	0.05692766028389953
0.7148608492749418	0.2851391507250583
0.45240797964621715	0.5475920203537828
0.690866238477707	0.309133761522293
0.1780242647439929	0.8219757352560071
0.8912916945273196	0.10870830547268043
0.46402455994840086	0.5359754400515991
0.19825216403285084	0.8017478359671492
0.037638410652924614	0.9623615893470754
0.6321770625471428	0.36782293745285727
0.6936827151456282	0.3063172848543719
0.3128450048610617	0.6871549951389383
0.23087245004732604	0.769127549952674
0.5017219994731229	0.4982780005268771
0.540682602234104	0.45931739776589603
0.12626844893093292	0.8737315510690671
0.4344300292784756	0.5655699707215244
0.5669541727578529	0.4330458272421472
0.9363444678718295	0.06365553212817059
0.6913199920892725	0.3086800079107275
0.22410371861735867	0.7758962813826413
0.5993721615089331	0.4006278384910669
0.863562231653434	0.13643776834656596
0.9897078716001317	0.010292128399868298
0.9073992480988275	0.09260075190117244
0.9728974028430748	0.027102597156925177
0.9908228753947022	0.009177124605297862
0.9152629201183039	0.0847370798816961
0.8976214207762024	0.10237857922379758
0.9547983462509407	0.045201653749059274
0.9354551664858782	0.0645448335141218
0.9207752546556226	0.07922474534437736
0.9442652202140012	0.05573477978599878
0.8215579068140473	0.17844209318595278
0.8076307123657844	0.1923692876342156
0.7501021525291749	0.24989784747082508
0.9864238621560075	0.013576137843992421
0.7582887848482872	0.24171121515171276
0.9883430535598415	0.011656946440158475
0.46882964737650135	0.5311703526234987
0.7898854972277656	0.21011450277223448
0.8829339834224771	0.11706601657752293
0.35014940962094554	0.6498505903790545
0.8091357093858258	0.1908642906141742
0.869267853375587	0.130732146624413
0.701341716685876	0.2986582833141241
0.4154710139084111	0.5845289860915889
0.7321836432809453	0.2678163567190547
0.41129785801483	0.58870214198517
0.4572493500322219	0.5427506499677781
0.6551131362160381	0.34488686378396194
0.1591887582590965	0.8408112417409035
0.8321741322383605	0.1678258677616396
0.7273358617371688	0.27266413826283115
0.5604900292479206	0.4395099707520794
0.2679171328891389	0.7320828671108611
0.5958563604215007	0.4041436395784993
0.07419331652834693	0.9258066834716531
0.8373926108278241	0.16260738917217585
0.9194389576399312	0.08056104236006882
0.5988546734701756	0.40114532652982443
0.82779084595136	0.17220915404864
0.9230709971111951	0.07692900288880486
0.9645809755737805	0.03541902442621949
0.6458160307672546	0.3541839692327454
0.24556186710515537	0.7544381328948446
0.8245204337121396	0.1754795662878604
0.37138667956091054	0.6286133204390895
0.749711428568662	0.250288571431338
0.2353043358887421	0.7646956641112579
0.15351264341227255	0.8464873565877274
0.15726901040823793	0.8427309895917621
0.8089469691255301	0.19105303087446987
0.26964821950643103	0.730351780493569
0.0771701882274094	0.9228298117725906
0.21487556743531733	0.7851244325646827
0.5733161510524565	0.42668384894754346
0.26517020026037563	0.7348297997396244
0.9163267315370922	0.08367326846290775
0.8120868615602368	0.18791313843976326
0.6657509650803242	0.3342490349196758
0.9661517775912033	0.03384822240879666
0.44058172147661834	0.5594182785233817
0.34525423126945876	0.6547457687305412
0.849724878030347	0.15027512196965298
0.4263685718543404	0.5736314281456596
0.42424311364046474	0.5757568863595353
0.9486619731790221	0.05133802682097784
0.6874428441986924	0.3125571558013076
0.7052649662833546	0.29473503371664544
0.15513283288965218	0.8448671671103478
0.587378254487247	0.41262174551275294
0.18846088378758763	0.8115391162124124
0.3774091255545977	0.6225908744454023
0.5928163609402493	0.4071836390597507
0.754091783653938	0.24590821634606191
0.9317776129945811	0.06822238700541891
0.11516325459446908	0.8848367454055309
0.05971130338916664	0.9402886966108334
0.8408539301092325	0.15914606989076752
0.46786273007825097	0.532137269921749
0.3101027613089056	0.6898972386910944
0.6307926772507442	0.36920732274925583
0.8116599340538324	0.18834006594616765
0.32421931517915137	0.6757806848208486
0.12847349129543373	0.8715265087045663
0.7478803417918465	0.2521196582081536
0.9200316946167554	0.07996830538324466
0.5709598843192605	0.42904011568073946
0.24955865693301382	0.7504413430669862
0.896230496029452	0.10376950397054802
0.7463174674191044	0.2536825325808955
0.7064306802831894	0.29356931971681055
0.9543092213449332	0.04569077865506673
0.8435762213216216	0.15642377867837842
0.7172996136150545	0.2827003863849455
0.14365131754887717	0.8563486824511228
0.5113883951469775	0.48861160485302246
0.4713502140951895	0.5286497859048105
0.929358444643489	0.0706415553565109
0.16623908011104993	0.8337609198889501
0.9348259266276151	0.06517407337238494
0.936916410411121	0.06308358958887911
0.9592387118057264	0.04076128819427357
0.9226958014087392	0.07730419859126077
0.9584848549773598	0.041515145022640206
0.9562764373828715	0.04372356261712848
0.8906667987805743	0.10933320121942575
0.5680358716525578	0.4319641283474422
0.6003595109456925	0.39964048905430755
0.7444586752643649	0.25554132473563507
0.5947830365808044	0.4052169634191956
0.507390540696723	0.49260945930327704
0.8886729812672878	0.11132701873271217
0.3591339763129384	0.6408660236870616
0.532051267932864	0.46794873206713605
0.20398979756072233	0.7960102024392777
0.7408369024999859	0.25916309750001415
0.7940096002710303	0.2059903997289697
0.45333504826988014	0.5466649517301199
0.9118687509444976	0.08813124905550236
0.8599698675638656	0.1400301324361344
0.10672648506765536	0.8932735149323446
0.9135898642446709	0.08641013575532905
0.5509134408216585	0.44908655917834156
0.999923800461341	7.619953865897693e-05
0.9871454572642951	0.012854542735704858
0.9963855202266232	0.0036144797733768477
0.9997594865950822	0.00024051340491777984
0.61028003523215	0.38971996476785004
0.5293342588843339	0.470665741115666
0.6100463225900636	0.3899536774099363
0.5051826956098127	0.49481730439018734
0.9407394517068868	0.059260548293113266
0.9213409184710579	0.0786590815289421
0.8988085561460175	0.10119144385398243
0.7369462962970299	0.26305370370297004
0.810062874215685	0.18993712578431496
0.6479052810675958	0.3520947189324042
0.004693423979366118	0.9953065760206339
0.6276841302165399	0.3723158697834601
0.4901744239944349	0.5098255760055651
0.4799819282848833	0.5200180717151167
0.38044725468460117	0.6195527453153988
0.5834173557408281	0.4165826442591719
0.8194740860159143	0.18052591398408568
0.933497309891689	0.06650269010831096
0.43639963420432226	0.5636003657956777
0.3746265525601984	0.6253734474398016
0.31410477822915883	0.6858952217708412
0.9368576269521571	0.06314237304784281
0.9555154707302387	0.04448452926976135
0.12692223034800842	0.8730777696519916
0.7214424740521126	0.2785575259478874
0.09747964988539137	0.9025203501146086
0.7070144554302309	0.29298554456976916
0.07152048440734782	0.9284795155926522
0.8152568862618188	0.18474311373818125
0.6616179127869972	0.3383820872130027
0.9551200039720638	0.0448799960279363
0.6917501011961634	0.3082498988038366
0.8042012415558808	0.19579875844411923
0.885338714034745	0.11466128596525503
0.4437954270549157	0.5562045729450843
0.14918794398460078	0.8508120560153992
0.42360540385426815	0.5763945961457319
0.2693049951650991	0.7306950048349009
0.09255262821303656	0.9074473717869634
0.732503619087284	0.267496380912716
0.5006933404287939	0.49930665957120607
0.9850123945199953	0.014987605480004612
0.8348830270535024	0.1651169729464977
0.6989988690233154	0.30100113097668457
0.8849532330151089	0.1150467669848911
0.8790797863515148	0.1209202136484852
0.1508993897932055	0.8491006102067945
0.8563065105694475	0.1436934894305525
0.5275390167412352	0.47246098325876484
0.13776911466818842	0.8622308853318116
0.4636295734087579	0.5363704265912421
0.81709768976104	0.18290231023895992
0.5630730947773386	0.4369269052226614
0.6719276842533004	0.32807231574669954
0.5042543347138657	0.49574566528613434
0.2628412266934953	0.7371587733065047
0.585391873350926	0.41460812664907404
0.5034824801554383	0.49651751984456166
0.08258573588822471	0.9174142641117753
0.7884753578566679	0.21152464214333214
0.9457979652551495	0.05420203474485056
0.8826503994892582	0.1173496005107418
0.894950912468786	0.10504908753121395
0.8549692794255975	0.14503072057440247
0.6156667542857177	0.3843332457142823
0.15598646934787508	0.8440135306521249
0.4673371356214414	0.5326628643785586
0.9119245262740091	0.08807547372599085
0.7444385413244325	0.2555614586755675
0.8244250560067535	0.17557494399324647
0.12388009499525687	0.8761199050047431
0.6833020806180667	0.31669791938193326
0.6460102224488058	0.35398977755119415
0.8038182612365883	0.19618173876341166
0.5977142309916765	0.4022857690083234
0.3423940600215536	0.6576059399784464
0.6169696027947305	0.3830303972052695
0.7341972807811126	0.2658027192188874
0.4370180399217348	0.5629819600782652
0.06640786855495284	0.9335921314450472
0.9232135611144939	0.07678643888550606
0.6662568691633386	0.33374313083666146
0.8686535605537842	0.13134643944621577
0.9374636984210107	0.0625363015789892
0.9018020004061686	0.0981979995938313
0.12022832326312627	0.8797716767368737
0.6452970278760295	0.35470297212397056
0.16104788509786339	0.8389521149021366
0.5017093177545289	0.4982906822454712
0.5497885696956724	0.4502114303043277
0.8826580262618544	0.11734197373814563
0.28009341790712194	0.7199065820928781
0.6472467640868089	0.352753235913191
0.6323742683826364	0.36762573161736356
0.6885534174414205	0.31144658255857954
0.272081065389182	0.727918934610818
0.778749613777562	0.22125038622243798
0.8233774089498423	0.17662259105015762
0.5446524183351522	0.4553475816648478
0.000618241349901405	0.9993817586500986
0.6610589893718277	0.33894101062817233
0.5623900849599832	0.43760991504001673
0.4280809963176293	0.5719190036823707
0.3179536902374711	0.6820463097625289
0.5404265641810548	0.4595734358189451
0.5465065728147543	0.45349342718524566
0.09426193995075993	0.9057380600492401
0.7162339102082855	0.2837660897917144
0.1321107114206822	0.8678892885793178
0.8115733662235797	0.18842663377642033
0.9150357251545804	0.08496427484541953
0.4462032554634826	0.5537967445365174
0.8355651406897939	0.1644348593102061
0.8578924093997771	0.14210759060022288
0.08002952353870152	0.9199704764612985
0.7816885485502327	0.2183114514497672
0.95539975289884	0.044600247101159965
0.41638897360550287	0.5836110263944971
0.2699422328625919	0.7300577671374081
0.9576678998840294	0.042332100115970536
0.9523954446022806	0.047604555397719364
0.7514264515854068	0.24857354841459325
0.36310897236291484	0.6368910276370852
0.7935568639868439	0.20644313601315614
0.7203584934853047	0.2796415065146953
0.4654514490038978	0.5345485509961022
0.9456031770065669	0.0543968229934331
0.790171267685544	0.209828732314456
0.7235010123152298	0.2764989876847702
0.9063700827171799	0.09362991728282007
0.1820491477400693	0.8179508522599307
0.8111065533237374	0.18889344667626268
0.8126205789489555	0.18737942105104458
0.7919419014414106	0.20805809855858942
0.8172225596819959	0.1827774403180041
0.6294749958257742	0.3705250041742258
0.5004957241154407	0.49950427588455926
0.7989219699275373	0.2010780300724627
0.3346458523105862	0.6653541476894138
0.46528874094559036	0.5347112590544096
0.09524008402521944	0.9047599159747806
0.4389779353165677	0.5610220646834323
0.7249601242668536	0.27503987573314637
0.697082690781555	0.302917309218445
0.6523233490995461	0.3476766509004538
0.24094921080329668	0.7590507891967033
0.6895720326862994	0.3104279673137006
0.0633192659153955	0.9366807340846045
0.6409207973512394	0.3590792026487606
0.9623761786341897	0.03762382136581032
0.4137539886343805	0.5862460113656195
0.11810775199077439	0.8818922480092256
0.6728976436559422	0.32710235634405777
0.058935770072202076	0.9410642299277979
0.6469593630071944	0.3530406369928056
0.8819198023350088	0.11808019766499124
0.35021706996687374	0.6497829300331263
0.13464493421825985	0.8653550657817402
0.2749806123091817	0.7250193876908183
0.5410114453490273	0.4589885546509727
0.9574886091758502	0.04251139082414974
0.9475975407140818	0.052402459285918246
0.6875255584457926	0.31247444155420745
0.9711162527654476	0.028883747234552403
0.7745561128720265	0.22544388712797347
0.7232965190150873	0.27670348098491276
0.8716705968613762	0.12832940313862384
0.6116452455388811	0.3883547544611189
0.8400626992051495	0.15993730079485047
0.7018646561757342	0.29813534382426576
0.9483299305915089	0.051670069408491025
0.19686842824679396	0.803131571753206
0.880743743750447	0.11925625624955301
0.18591015817060141	0.8140898418293986
0.07689206511616942	0.9231079348838306
0.9999005949248553	9.940507514476826e-05
0.9996260961360092	0.00037390386399081745
0.7403558033726937	0.2596441966273063
0.969139628301266	0.03086037169873396
0.7934657654329725	0.20653423456702746
0.6660059931978849	0.3339940068021151
0.7357981654594119	0.26420183454058804
0.9529728798108181	0.047027120189181815
0.32554895258131944	0.6744510474186806
0.04545124042156301	0.954548759578437
0.5928537199998563	0.4071462800001437
0.06492937513648345	0.9350706248635166
0.8093857449851329	0.1906142550148671
0.04626798355111572	0.9537320164488843
0.5918056734230073	0.4081943265769928
0.6894864796188793	0.3105135203811207
0.9148011737485663	0.08519882625143371
0.5320712176202456	0.4679287823797545
0.7178337458974021	0.2821662541025979
0.9432680437816129	0.0567319562183871
0.7093854472858057	0.29061455271419434
0.8980606046533963	0.10193939534660366
0.7505130670452639	0.2494869329547361
0.8149300986193826	0.18506990138061744
0.9487947199712646	0.05120528002873532
0.8894748916918076	0.11052510830819241
0.48954078676338775	0.5104592132366123
0.8159567751648202	0.1840432248351798
0.19695425610415984	0.8030457438958402
0.5962135303738592	0.4037864696261408
0.8826498765308983	0.11735012346910169
0.4675365509915679	0.5324634490084321
0.5038812457415187	0.4961187542584813
0.8856572370325962	0.11434276296740377
0.7707288929529659	0.2292711070470341
0.5753959534126973	0.4246040465873027
0.6432743244367761	0.3567256755632239
0.32086395000446066	0.6791360499955393
0.9284657388133483	0.0715342611866517
0.7893737814691743	0.21062621853082575
0.8883837357119352	0.11161626428806486
0.9759232854391208	0.024076714560879228
0.6093075821354305	0.39069241786456954
0.8030853528621773	0.1969146471378227
0.9758845015470692	0.02411549845293077
0.9713157915295993	0.028684208470400704
0.007666247300732176	0.9923337526992678
0.8441161818758255	0.15588381812417448
0.8899516946192391	0.11004830538076094
0.7953214063778251	0.20467859362217491
0.023981386153758	0.976018613846242
0.16875499522036774	0.8312450047796323
0.850524722954934	0.149475277045066
0.8406081973144305	0.15939180268556952
0.5929324184381457	0.40706758156185424
0.3916532399915761	0.6083467600084239
0.7196842247707562	0.28031577522924384
0.37531633690560384	0.6246836630943962
0.30738847618736387	0.6926115238126361
0.19521601978869918	0.8047839802113008
0.8432246892741957	0.1567753107258043
0.08915607237261503	0.910843927627385
0.659581846174853	0.34041815382514695
0.4295430081132702	0.5704569918867298
0.8782283465573653	0.12177165344263478
0.7395336251376121	0.26046637486238783
0.1983857557903267	0.8016142442096733
0.5048101864311441	0.495189813568856
0.6506385009420446	0.3493614990579554
0.634679813396857	0.36532018660314297
0.3526898359481163	0.6473101640518837
0.3417314464609855	0.6582685535390145
0.515932634649769	0.484067365350231
0.8638886286304298	0.1361113713695702
0.6068760474312118	0.39312395256878824
0.3247652211508282	0.6752347788491718
0.3454057100810104	0.6545942899189896
0.9620867023324333	0.037913297667566695
0.7652825249750124	0.23471747502498758
0.7864722271676607	0.21352777283233923
0.8498761263263466	0.15012387367365349
0.26634972076238916	0.7336502792376108
0.5559958100814801	0.4440041899185198
0.8179202019831949	0.18207979801680507
0.7796440837435418	0.2203559162564582
0.9410067308256198	0.058993269174380185
0.4090952900038298	0.5909047099961702
0.2911531758174999	0.7088468241825001
0.7388344922530835	0.2611655077469165
0.698360325033804	0.301639674966196
0.3093209186257959	0.6906790813742041
0.4221329673566695	0.5778670326433305
0.9888931195268129	0.011106880473187072
0.5326387834213284	0.46736121657867163
0.9796081879673754	0.020391812032624645
0.3318117397826038	0.6681882602173962
0.7889036174962837	0.2110963825037163
0.678381840767492	0.321618159232508
0.9006248922116794	0.09937510778832058
0.7912476934387183	0.20875230656128171
0.8466534190862091	0.15334658091379091
0.9220736596668984	0.07792634033310168
0.6664607163269609	0.33353928367303914
0.6428820622956218	0.35711793770437816
0.9137461752109393	0.08625382478906074
0.6925246500561348	0.3074753499438651
0.8219631259695415	0.1780368740304585
0.9654192323283736	0.034580767671626426
0.8983331690727737	0.10166683092722628
0.27340250088769047	0.7265974991123095
0.5273335277605109	0.47266647223948904
0.7376467482796806	0.2623532517203194
0.1676348549407929	0.8323651450592071
0.5520006176203653	0.4479993823796346
0.6667353541347074	0.33326464586529264
0.6320158733647632	0.3679841266352368
0.7107785520909116	0.28922144790908844
0.8167750556282052	0.18322494437179487
0.7762686973462576	0.22373130265374247
0.20381190652021886	0.7961880934797811
0.8621122944747168	0.13788770552528315
0.9104302867036413	0.08956971329635871
0.14975574833861294	0.8502442516613871
0.9679769032411396	0.03202309675886042
0.14125349204723492	0.8587465079527651
0.9458795635282313	0.05412043647176869
0.7214655520196255	0.2785344479803745
0.4327841223390618	0.5672158776609382
0.8375787723080392	0.16242122769196082
0.06906601739169171	0.9309339826083083
0.7818565133465096	0.21814348665349037
0.08341165224296809	0.9165883477570319
0.5503114919562433	0.4496885080437567
0.6520843812065673	0.34791561879343263
0.145785878053856	0.854214121946144
0.838710789228776	0.16128921077122402
0.05352855816697155	0.9464714418330284
0.7356925649583833	0.2643074350416167
0.8084182952962511	0.19158170470374888
0.747791017429588	0.252208982570412
0.8524453266780126	0.14755467332198735
0.9242389491052037	0.07576105089479632
0.14165281959956832	0.8583471804004317
0.3204851059291631	0.6795148940708369
0.14069700524653017	0.8593029947534698
0.6784692720719743	0.3215307279280258
0.28080541669662307	0.7191945833033769
0.45532429822568166	0.5446757017743183
0.9236878654177056	0.07631213458229433
0.9520587662066624	0.04794123379333759
0.1377936182001701	0.8622063817998299
0.07161269041353924	0.9283873095864608
0.8733214013914261	0.12667859860857394
0.9303997235142281	0.06960027648577197
0.45915963391067216	0.5408403660893278
0.9310445193212088	0.06895548067879123
0.9999041956288747	9.58043711253547e-05
0.9999437887482946	5.621125170541621e-05
0.9960242700569749	0.003975729943025116
0.39500847260280514	0.6049915273971949
0.17566622069060922	0.8243337793093908
0.4112082583869364	0.5887917416130636
0.605474742260708	0.39452525773929203
0.8126004240577412	0.18739957594225873
0.5967866054246933	0.40321339457530664
0.16388216443324977	0.8361178355667502
0.7379891011451656	0.2620108988548344
0.8002392610952884	0.1997607389047116
0.11492577504102353	0.8850742249589765
0.901909018428368	0.09809098157163193
0.725258743001957	0.2747412569980429
0.5696294604758066	0.43037053952419335
0.2700878441593234	0.7299121558406766
0.8948990113079885	0.10510098869201148
0.30179907047461396	0.698200929525386
0.24368347491543518	0.7563165250845648
0.8060419932959603	0.19395800670403973
0.3899501850390116	0.6100498149609884
0.17391811414239677	0.8260818858576032
0.6660568230882938	0.33394317691170616
0.15308385479192577	0.8469161452080742
0.596740934303158	0.403259065696842
0.10114534802250663	0.8988546519774934
0.892369802784894	0.10763019721510605
0.3743484790654519	0.6256515209345481
0.7670479051276016	0.23295209487239843
0.7496997547567146	0.2503002452432854
0.3744871161437072	0.6255128838562928
0.9545160459164301	0.04548395408356988
0.8984520943272041	0.10154790567279588
0.4299528745936475	0.5700471254063525
0.8498324786502571	0.15016752134974282
0.3904558811229111	0.6095441188770889
0.8737025411705072	0.12629745882949284
0.7978959210786994	0.20210407892130058
0.5306578740091681	0.46934212599083186
0.7412778313465886	0.2587221686534113
0.30755762549290533	0.6924423745070947
0.4860394164275331	0.5139605835724669
0.014185217152601348	0.9858147828473987
0.0965294759151375	0.9034705240848625
0.6431158330569461	0.3568841669430539
0.7396545958629941	0.26034540413700585
0.8546630615735193	0.1453369384264807
0.5329851743992953	0.4670148256007048
0.6236524938982595	0.37634750610174056
0.2393794852253618	0.7606205147746382
0.23672313306826231	0.7632768669317377
0.7765317011865827	0.2234682988134173
0.0665391832527289	0.9334608167472711
0.3558021027803697	0.6441978972196303
0.7346667546924596	0.26533324530754043
0.9292289360414243	0.07077106395857567
0.8313330791437985	0.16866692085620152
0.7327967656079089	0.2672032343920912
0.6609597527111488	0.33904024728885124
0.6168159888165148	0.38318401118348516
0.23712106094267138	0.7628789390573286
0.673996323098921	0.32600367690107906
0.3262017678352368	0.6737982321647632
0.14462795498480407	0.8553720450151959
0.6739062236055517	0.32609377639444825
0.8697673046087228	0.13023269539127727
0.3373849751358071	0.6626150248641929
0.9259988084795774	0.07400119152042263
0.3445206359769619	0.6554793640230381
0.06099590368785868	0.9390040963121413
0.9082599069270197	0.09174009307298026
0.6738138822028552	0.32618611779714485
0.948646206555193	0.05135379344480693
0.6285723684038462	0.3714276315961537
0.206186254774953	0.793813745225047
0.08356638444875053	0.9164336155512495
0.006392508828004351	0.9936074911719956
0.7246825676482654	0.27531743235173456
0.3357051017836723	0.6642948982163277
0.6082323353212172	0.39176766467878277
0.639457251248422	0.36054274875157805
0.35118883399405865	0.6488111660059414
0.5014250552094106	0.49857494479058945
0.7173395214880884	0.28266047851191156
0.6543601471683453	0.34563985283165466
0.9369878999835084	0.06301210001649157
0.821535237564009	0.17846476243599094
0.19305898751887218	0.8069410124811278
0.4321433352100762	0.5678566647899238
0.6191174644235926	0.38088253557640733
0.6060594854804042	0.3939405145195957
0.35957164317592294	0.6404283568240771
0.9440073944461962	0.055992605553803775
0.9315046302054906	0.06849536979450942
0.8170282993839334	0.18297170061606657
0.14204374393962227	0.8579562560603777
0.9207454523686698	0.07925454763133019
0.5122430161073197	0.48775698389268024
0.8119489853628112	0.18805101463718882
0.9177126227235693	0.08228737727643062
0.4749985487311622	0.5250014512688378
0.439743020455321	0.560256979544679
0.005316942577384132	0.9946830574226159
0.1293402607276466	0.8706597392723534
0.8734903639618505	0.12650963603814952
0.5436128606820834	0.4563871393179167
0.7798578769357121	0.22014212306428788
0.4614977116408334	0.5385022883591666
0.5727533328971526	0.4272466671028474
0.7072930909709942	0.2927069090290057
0.28673707900839485	0.7132629209916052
0.46482964892183765	0.5351703510781624
0.9362705377652925	0.06372946223470756
0.9415405778842793	0.0584594221157207
0.9027834362382863	0.0972165637617137
0.8589455114055715	0.14105448859442843
0.5792750864216836	0.4207249135783165
0.5795873234393184	0.4204126765606816
0.8917205398322746	0.10827946016772537
0.7612953767482485	0.23870462325175149
0.6614924592880982	0.33850754071190176
0.9435186986488885	0.056481301351111554
0.8033433691132933	0.1966566308867067
0.8551354353788959	0.14486456462110409
0.8665411993189712	0.13345880068102878
0.2519652050470981	0.7480347949529019
0.7779505881900008	0.22204941180999915
0.5564319494981476	0.4435680505018525
0.5451497066953419	0.4548502933046581
0.5026500101548086	0.4973499898451914
0.5673818205416918	0.4326181794583081
0.40157999343556905	0.598420006564431
0.8349841373907911	0.16501586260920886
0.10467104634681079	0.8953289536531892
0.006113770413340047	0.99388622958666
0.8737482941345195	0.12625170586548054
0.7606996306983079	0.2393003693016921
0.32328995843017394	0.6767100415698261
0.6335704854656813	0.3664295145343187
0.19169894130003617	0.8083010586999638
0.4843635713016554	0.5156364286983446
0.7813997061112742	0.2186002938887258
0.3154508445728973	0.6845491554271027
0.7900829389976068	0.20991706100239316
0.8438606909703555	0.15613930902964449
0.6549340195362763	0.34506598046372366
0.2544763354358792	0.7455236645641208
0.9027088882072574	0.09729111179274268
0.602649129950146	0.39735087004985403
0.7476608717731104	0.2523391282268897
0.3278584947247296	0.6721415052752704
0.5696565645042669	0.43034343549573306
0.6464622845863516	0.3535377154136484
0.38028528975417575	0.6197147102458243
0.886012271857945	0.11398772814205502
0.9123911277239419	0.08760887227605808
0.6133216102915612	0.3866783897084388
0.49602233800809103	0.503977661991909
0.6724538373571047	0.3275461626428953
0.9071430231344412	0.09285697686555885
0.11170207740553406	0.8882979225944659
0.2059006940729201	0.7940993059270799
0.7298370918489845	0.27016290815101557
0.5670321589845688	0.4329678410154312
0.3786198678020545	0.6213801321979455
0.8514749138124513	0.14852508618754873
0.7456722747668334	0.25432772523316666
0.7084959790913454	0.2915040209086546
0.9893207103481427	0.010679289651857266
0.8615300825296123	0.13846991747038775
0.2179866812026665	0.7820133187973335
0.268430022233457	0.731569977766543
0.655671223019237	0.344328776980763
0.9690416724875486	0.030958327512451433
0.510870530706246	0.489129469293754
0.48703615122601807	0.5129638487739819
0.8892546756489432	0.11074532435105676
0.5241472953565123	0.4758527046434877
0.582464288715403	0.417535711284597
0.36021116364231653	0.6397888363576835
0.7616645520772061	0.23833544792279396
0.8221212200694675	0.17787877993053244
0.7989759829977945	0.20102401700220554
0.7086785795228638	0.29132142047713616
0.32124349122450846	0.6787565087754915
0.16313789804784817	0.8368621019521518
0.5442877597811309	0.45571224021886914
0.49047513366512274	0.5095248663348773
0.6695205246291328	0.3304794753708672
0.9057768512325042	0.09422314876749588
0.8994855339416601	0.1005144660583399
0.8228050245092764	0.17719497549072363
0.4232635926028615	0.5767364073971385
0.6959477325861438	0.3040522674138562
0.8374773320971864	0.1625226679028136
0.032004881731340196	0.9679951182686598
0.18773205267442317	0.8122679473255768
0.37162968573730026	0.6283703142626997
0.8085154024642758	0.19148459753572422
0.9504543085613107	0.049545691438689254
0.8152271345137456	0.18477286548625443
0.9496550622413895	0.05034493775861046
0.7397913339471734	0.26020866605282655
0.4840720351765382	0.5159279648234618
0.9190427164499684	0.08095728355003164
0.849854915331718	0.15014508466828203
0.9187006660576195	0.08129933394238052
0.7722281307637462	0.22777186923625384
0.8646845563980181	0.13531544360198192
0.9103191061254138	0.08968089387458618
0.06058975914728448	0.9394102408527155
0.6536533728862373	0.34634662711376274
0.12748244820107235	0.8725175517989276
0.8766346100150043	0.12336538998499567
0.7893882363641547	0.2106117636358453
0.27337643906228914	0.7266235609377109
0.6947442086706528	0.3052557913293472
0.7310737079245639	0.268926292075436
0.927115297243854	0.07288470275614597
0.9836020748750006	0.016397925124999383
0.9127622334057922	0.08723776659420777
0.8602026046590578	0.1397973953409422
0.29409114944820125	0.7059088505517987
0.8914695596339681	0.10853044036603189
0.5248809944143653	0.47511900558563475
0.9416801659209525	0.05831983407904751
0.8309780487854489	0.16902195121455113
0.813354974554803	0.18664502544519707
0.9881863533712033	0.011813646628796732
0.7653402225234911	0.23465977747650885
0.9423193613636295	0.05768063863637051
0.850067377044128	0.14993262295587195
0.9532410236046995	0.046758976395300446
0.4503013100592459	0.5496986899407541
0.8521339577933208	0.14786604220667923
0.9365117397014572	0.06348826029854282
0.23842389548135845	0.7615761045186416
0.969861413444197	0.03013858655580304
0.9644208877877991	0.035579112212200906
0.8357353942542496	0.16426460574575036
0.888583978728282	0.11141602127171797
0.9714861447288992	0.028513855271100796
0.9136690979873922	0.08633090201260783
0.4845551459673566	0.5154448540326434
0.386283025124297	0.613716974875703
0.49293306534559234	0.5070669346544077
0.589454681394513	0.410545318605487
0.9681683085875095	0.03183169141249054
0.6392629844181112	0.3607370155818887
0.8797183235458436	0.12028167645415642
0.8827908353018622	0.11720916469813784
0.9584095785247218	0.04159042147527825
0.9307375035289748	0.06926249647102525
0.5079484834714132	0.49205151652858675
0.883120930806365	0.116879069193635
0.4333056024422014	0.5666943975577986
0.5221128778184475	0.4778871221815525
0.9293517293587018	0.0706482706412982
0.5920947855257368	0.40790521447426326
